{
  "unityAnalysis": {
    "positions": [
      0,
      1,
      48,
      49,
      176,
      177,
      208,
      209,
      224,
      225,
      240,
      241
    ],
    "bytes": [
      0,
      1,
      48,
      49
    ],
    "groupElements": [
      [
        0,
        0
      ],
      [
        0,
        1
      ],
      [
        1,
        48
      ],
      [
        1,
        49
      ],
      [
        3,
        176
      ],
      [
        3,
        177
      ],
      [
        4,
        208
      ],
      [
        4,
        209
      ],
      [
        4,
        224
      ],
      [
        4,
        225
      ],
      [
        5,
        240
      ],
      [
        5,
        241
      ]
    ]
  },
  "resonanceSpectrum": {
    "count": 96,
    "values": [
      {
        "value": 0.00022452471069697814,
        "multiplicity": 2
      },
      {
        "value": 0.0003632886132219477,
        "multiplicity": 2
      },
      {
        "value": 0.00041296532660324315,
        "multiplicity": 2
      },
      {
        "value": 0.00044904942139395627,
        "multiplicity": 2
      },
      {
        "value": 0.0006681919346192486,
        "multiplicity": 2
      },
      {
        "value": 0.0007265772264438954,
        "multiplicity": 2
      },
      {
        "value": 0.0008259306532064863,
        "multiplicity": 2
      },
      {
        "value": 0.0011248056764972952,
        "multiplicity": 2
      },
      {
        "value": 0.0013363838692384972,
        "multiplicity": 2
      },
      {
        "value": 0.00141073036335,
        "multiplicity": 4
      },
      {
        "value": 0.0018199738153114426,
        "multiplicity": 2
      },
      {
        "value": 0.0020688401829711796,
        "multiplicity": 2
      },
      {
        "value": 0.0022496113529945905,
        "multiplicity": 2
      },
      {
        "value": 0.002282609676861789,
        "multiplicity": 4
      },
      {
        "value": 0.0025947376724881166,
        "multiplicity": 4
      },
      {
        "value": 0.0028214607267,
        "multiplicity": 4
      },
      {
        "value": 0.00334745373333892,
        "multiplicity": 2
      },
      {
        "value": 0.0036399476306228852,
        "multiplicity": 2
      },
      {
        "value": 0.004137680365942359,
        "multiplicity": 2
      },
      {
        "value": 0.004198373745975565,
        "multiplicity": 4
      }
    ]
  },
  "automorphismTests": [
    {
      "name": "Identity",
      "matrix": [
        [
          1,
          0
        ],
        [
          0,
          1
        ]
      ],
      "preservesUnity": "Computed above"
    },
    {
      "name": "Byte negation",
      "matrix": [
        [
          1,
          0
        ],
        [
          0,
          255
        ]
      ],
      "preservesUnity": "Computed above"
    },
    {
      "name": "Page negation",
      "matrix": [
        [
          47,
          0
        ],
        [
          0,
          1
        ]
      ],
      "preservesUnity": "Computed above"
    },
    {
      "name": "Full negation",
      "matrix": [
        [
          47,
          0
        ],
        [
          0,
          255
        ]
      ],
      "preservesUnity": "Computed above"
    },
    {
      "name": "Byte doubling",
      "matrix": [
        [
          1,
          0
        ],
        [
          0,
          2
        ]
      ],
      "preservesUnity": "Computed above"
    },
    {
      "name": "Unity preserving candidate",
      "matrix": [
        [
          1,
          0
        ],
        [
          0,
          49
        ]
      ],
      "preservesUnity": "Computed above"
    }
  ],
  "findings": {
    "unityPositions": {
      "count": 12,
      "byteValues": [
        0,
        1,
        48,
        49
      ],
      "property": "α₄ × α₅ = 1",
      "groupStructure": "Form 4-element subgroup under certain automorphisms"
    },
    "resonanceSpectrum": {
      "uniqueValues": 96,
      "range": [
        0.00022452471069697814,
        18.698938450662354
      ],
      "multiplicities": {
        "2": 64,
        "4": 32
      },
      "unityCount": 4
    },
    "automorphismAction": {
      "unityPreserving": "Rare - requires specific structure",
      "resonancePreserving": "Some diagonal automorphisms",
      "typicalBehavior": "Permutes both positions and resonance classes"
    },
    "computationalUse": {
      "invariantDetection": "Find unity-invariant algorithms",
      "resonanceCoding": "Use resonance classes for error correction",
      "symmetryExploitation": "2048-fold symmetry in design"
    }
  },
  "timestamp": "2025-06-30T06:11:57.818Z"
}