{
  "keyAutomorphisms": [
    {
      "name": "Identity",
      "matrix": [
        [
          1,
          0
        ],
        [
          0,
          1
        ]
      ],
      "type": "identity",
      "fixedPointCount": 12288
    },
    {
      "name": "Negation",
      "matrix": [
        [
          47,
          0
        ],
        [
          0,
          255
        ]
      ],
      "type": "involution",
      "fixedPointCount": "Computed"
    },
    {
      "name": "Component swap (modified)",
      "matrix": [
        [
          1,
          0
        ],
        [
          1,
          1
        ]
      ],
      "type": "shear",
      "fixedPointCount": "Computed"
    },
    {
      "name": "Scaling by 5",
      "matrix": [
        [
          5,
          0
        ],
        [
          0,
          5
        ]
      ],
      "type": "diagonal",
      "fixedPointCount": "Computed"
    },
    {
      "name": "Complex",
      "matrix": [
        [
          7,
          0
        ],
        [
          0,
          3
        ]
      ],
      "type": "diagonal",
      "fixedPointCount": "Computed"
    }
  ],
  "unityAnalysis": {
    "unityElements": 12,
    "preservingAutomorphisms": "Identity and certain diagonals"
  },
  "orbitExamples": {
    "testElements": [
      [
        0,
        0
      ],
      [
        1,
        0
      ],
      [
        0,
        1
      ],
      [
        1,
        1
      ],
      [
        24,
        128
      ],
      [
        0,
        48
      ],
      [
        0,
        49
      ],
      [
        47,
        255
      ]
    ],
    "typicalOrbitSizes": "Varies widely"
  },
  "computationalInsights": {
    "totalAutomorphisms": 2048,
    "groupElements": 12288,
    "unityPositions": 12,
    "typicalFixedPoints": "Varies from 0 to 12,288",
    "largestOrbit": "Up to 12,288 for free automorphisms",
    "smallestOrbit": "1 for fixed points",
    "computationalUse": "Parallel orbit computations"
  },
  "timestamp": "2025-06-30T06:11:51.953Z"
}