{
  "theoreticalAnalysis": {
    "groupDecomposition": "ℤ/16ℤ × ℤ/3ℤ × ℤ/256ℤ",
    "automorphismOrder": 2048,
    "verification": "Multiple methods confirm"
  },
  "structuralData": {
    "units48": [
      1,
      5,
      7,
      11,
      13,
      17,
      19,
      23,
      25,
      29,
      31,
      35,
      37,
      41,
      43,
      47
    ],
    "orderDistribution": {
      "1": 1,
      "2": 7,
      "4": 8
    },
    "diagonalCount": 2048
  },
  "findings": {
    "groupOrder": 2048,
    "groupStructure": "2-group (2^11)",
    "generatorTypes": {
      "diagonal": 2048,
      "offDiagonal": 0
    },
    "orderSpectrum": {
      "divides": "Orders divide 16 (from U(48) and U(256))",
      "maxOrder": 16
    },
    "subgroups": {
      "diagonal": "U(48) × U(256)",
      "center": "To be computed",
      "sylow2": "Entire group"
    },
    "applications": [
      "2048-fold symmetry",
      "Parallel algorithms",
      "Error correction",
      "Cryptographic applications"
    ],
    "openQuestions": [
      "Complete orbit structure",
      "Precise fixed point formulas",
      "Optimal generating set",
      "Connection to modular forms"
    ]
  },
  "sampleAutomorphisms": [
    {
      "type": "diagonal",
      "matrix": [
        [
          1,
          0
        ],
        [
          0,
          1
        ]
      ],
      "order": 1
    },
    {
      "type": "diagonal",
      "matrix": [
        [
          1,
          0
        ],
        [
          0,
          3
        ]
      ],
      "order": 64
    },
    {
      "type": "diagonal",
      "matrix": [
        [
          1,
          0
        ],
        [
          0,
          5
        ]
      ],
      "order": 64
    },
    {
      "type": "diagonal",
      "matrix": [
        [
          1,
          0
        ],
        [
          0,
          7
        ]
      ],
      "order": 32
    },
    {
      "type": "diagonal",
      "matrix": [
        [
          1,
          0
        ],
        [
          0,
          9
        ]
      ],
      "order": 32
    }
  ],
  "timestamp": "2025-06-30T06:11:46.236Z"
}