{
  "metadata": {
    "group": "ℤ/48ℤ × ℤ/256ℤ",
    "automorphismCount": 2048,
    "allDiagonal": true,
    "timestamp": "2025-06-30T06:36:20.137Z"
  },
  "orderDistribution": {
    "1": 1,
    "2": 31,
    "4": 96,
    "8": 128,
    "16": 256,
    "32": 512,
    "64": 1024
  },
  "generators": {
    "u48": [
      5,
      7,
      17,
      31
    ],
    "u256": [
      3,
      5,
      17,
      33,
      65,
      129,
      255
    ],
    "count": 11
  },
  "specialElements": {
    "identity": 0,
    "negation": 2047,
    "involutionCount": 31,
    "maxOrder": 64
  },
  "automorphisms": [
    {
      "id": 0,
      "matrix": [
        [
          1,
          0
        ],
        [
          0,
          1
        ]
      ],
      "order": 1
    },
    {
      "id": 1,
      "matrix": [
        [
          1,
          0
        ],
        [
          0,
          3
        ]
      ],
      "order": 64
    },
    {
      "id": 2,
      "matrix": [
        [
          1,
          0
        ],
        [
          0,
          5
        ]
      ],
      "order": 64
    },
    {
      "id": 3,
      "matrix": [
        [
          1,
          0
        ],
        [
          0,
          7
        ]
      ],
      "order": 32
    },
    {
      "id": 4,
      "matrix": [
        [
          1,
          0
        ],
        [
          0,
          9
        ]
      ],
      "order": 32
    },
    {
      "id": 5,
      "matrix": [
        [
          1,
          0
        ],
        [
          0,
          11
        ]
      ],
      "order": 64
    },
    {
      "id": 6,
      "matrix": [
        [
          1,
          0
        ],
        [
          0,
          13
        ]
      ],
      "order": 64
    },
    {
      "id": 7,
      "matrix": [
        [
          1,
          0
        ],
        [
          0,
          15
        ]
      ],
      "order": 16
    },
    {
      "id": 8,
      "matrix": [
        [
          1,
          0
        ],
        [
          0,
          17
        ]
      ],
      "order": 16
    },
    {
      "id": 9,
      "matrix": [
        [
          1,
          0
        ],
        [
          0,
          19
        ]
      ],
      "order": 64
    },
    {
      "id": 10,
      "matrix": [
        [
          1,
          0
        ],
        [
          0,
          21
        ]
      ],
      "order": 64
    },
    {
      "id": 11,
      "matrix": [
        [
          1,
          0
        ],
        [
          0,
          23
        ]
      ],
      "order": 32
    },
    {
      "id": 12,
      "matrix": [
        [
          1,
          0
        ],
        [
          0,
          25
        ]
      ],
      "order": 32
    },
    {
      "id": 13,
      "matrix": [
        [
          1,
          0
        ],
        [
          0,
          27
        ]
      ],
      "order": 64
    },
    {
      "id": 14,
      "matrix": [
        [
          1,
          0
        ],
        [
          0,
          29
        ]
      ],
      "order": 64
    },
    {
      "id": 15,
      "matrix": [
        [
          1,
          0
        ],
        [
          0,
          31
        ]
      ],
      "order": 8
    },
    {
      "id": 16,
      "matrix": [
        [
          1,
          0
        ],
        [
          0,
          33
        ]
      ],
      "order": 8
    },
    {
      "id": 17,
      "matrix": [
        [
          1,
          0
        ],
        [
          0,
          35
        ]
      ],
      "order": 64
    },
    {
      "id": 18,
      "matrix": [
        [
          1,
          0
        ],
        [
          0,
          37
        ]
      ],
      "order": 64
    },
    {
      "id": 19,
      "matrix": [
        [
          1,
          0
        ],
        [
          0,
          39
        ]
      ],
      "order": 32
    },
    {
      "id": 20,
      "matrix": [
        [
          1,
          0
        ],
        [
          0,
          41
        ]
      ],
      "order": 32
    },
    {
      "id": 21,
      "matrix": [
        [
          1,
          0
        ],
        [
          0,
          43
        ]
      ],
      "order": 64
    },
    {
      "id": 22,
      "matrix": [
        [
          1,
          0
        ],
        [
          0,
          45
        ]
      ],
      "order": 64
    },
    {
      "id": 23,
      "matrix": [
        [
          1,
          0
        ],
        [
          0,
          47
        ]
      ],
      "order": 16
    },
    {
      "id": 24,
      "matrix": [
        [
          1,
          0
        ],
        [
          0,
          49
        ]
      ],
      "order": 16
    },
    {
      "id": 25,
      "matrix": [
        [
          1,
          0
        ],
        [
          0,
          51
        ]
      ],
      "order": 64
    },
    {
      "id": 26,
      "matrix": [
        [
          1,
          0
        ],
        [
          0,
          53
        ]
      ],
      "order": 64
    },
    {
      "id": 27,
      "matrix": [
        [
          1,
          0
        ],
        [
          0,
          55
        ]
      ],
      "order": 32
    },
    {
      "id": 28,
      "matrix": [
        [
          1,
          0
        ],
        [
          0,
          57
        ]
      ],
      "order": 32
    },
    {
      "id": 29,
      "matrix": [
        [
          1,
          0
        ],
        [
          0,
          59
        ]
      ],
      "order": 64
    },
    {
      "id": 30,
      "matrix": [
        [
          1,
          0
        ],
        [
          0,
          61
        ]
      ],
      "order": 64
    },
    {
      "id": 31,
      "matrix": [
        [
          1,
          0
        ],
        [
          0,
          63
        ]
      ],
      "order": 4
    },
    {
      "id": 32,
      "matrix": [
        [
          1,
          0
        ],
        [
          0,
          65
        ]
      ],
      "order": 4
    },
    {
      "id": 33,
      "matrix": [
        [
          1,
          0
        ],
        [
          0,
          67
        ]
      ],
      "order": 64
    },
    {
      "id": 34,
      "matrix": [
        [
          1,
          0
        ],
        [
          0,
          69
        ]
      ],
      "order": 64
    },
    {
      "id": 35,
      "matrix": [
        [
          1,
          0
        ],
        [
          0,
          71
        ]
      ],
      "order": 32
    },
    {
      "id": 36,
      "matrix": [
        [
          1,
          0
        ],
        [
          0,
          73
        ]
      ],
      "order": 32
    },
    {
      "id": 37,
      "matrix": [
        [
          1,
          0
        ],
        [
          0,
          75
        ]
      ],
      "order": 64
    },
    {
      "id": 38,
      "matrix": [
        [
          1,
          0
        ],
        [
          0,
          77
        ]
      ],
      "order": 64
    },
    {
      "id": 39,
      "matrix": [
        [
          1,
          0
        ],
        [
          0,
          79
        ]
      ],
      "order": 16
    },
    {
      "id": 40,
      "matrix": [
        [
          1,
          0
        ],
        [
          0,
          81
        ]
      ],
      "order": 16
    },
    {
      "id": 41,
      "matrix": [
        [
          1,
          0
        ],
        [
          0,
          83
        ]
      ],
      "order": 64
    },
    {
      "id": 42,
      "matrix": [
        [
          1,
          0
        ],
        [
          0,
          85
        ]
      ],
      "order": 64
    },
    {
      "id": 43,
      "matrix": [
        [
          1,
          0
        ],
        [
          0,
          87
        ]
      ],
      "order": 32
    },
    {
      "id": 44,
      "matrix": [
        [
          1,
          0
        ],
        [
          0,
          89
        ]
      ],
      "order": 32
    },
    {
      "id": 45,
      "matrix": [
        [
          1,
          0
        ],
        [
          0,
          91
        ]
      ],
      "order": 64
    },
    {
      "id": 46,
      "matrix": [
        [
          1,
          0
        ],
        [
          0,
          93
        ]
      ],
      "order": 64
    },
    {
      "id": 47,
      "matrix": [
        [
          1,
          0
        ],
        [
          0,
          95
        ]
      ],
      "order": 8
    },
    {
      "id": 48,
      "matrix": [
        [
          1,
          0
        ],
        [
          0,
          97
        ]
      ],
      "order": 8
    },
    {
      "id": 49,
      "matrix": [
        [
          1,
          0
        ],
        [
          0,
          99
        ]
      ],
      "order": 64
    },
    {
      "id": 50,
      "matrix": [
        [
          1,
          0
        ],
        [
          0,
          101
        ]
      ],
      "order": 64
    },
    {
      "id": 51,
      "matrix": [
        [
          1,
          0
        ],
        [
          0,
          103
        ]
      ],
      "order": 32
    },
    {
      "id": 52,
      "matrix": [
        [
          1,
          0
        ],
        [
          0,
          105
        ]
      ],
      "order": 32
    },
    {
      "id": 53,
      "matrix": [
        [
          1,
          0
        ],
        [
          0,
          107
        ]
      ],
      "order": 64
    },
    {
      "id": 54,
      "matrix": [
        [
          1,
          0
        ],
        [
          0,
          109
        ]
      ],
      "order": 64
    },
    {
      "id": 55,
      "matrix": [
        [
          1,
          0
        ],
        [
          0,
          111
        ]
      ],
      "order": 16
    },
    {
      "id": 56,
      "matrix": [
        [
          1,
          0
        ],
        [
          0,
          113
        ]
      ],
      "order": 16
    },
    {
      "id": 57,
      "matrix": [
        [
          1,
          0
        ],
        [
          0,
          115
        ]
      ],
      "order": 64
    },
    {
      "id": 58,
      "matrix": [
        [
          1,
          0
        ],
        [
          0,
          117
        ]
      ],
      "order": 64
    },
    {
      "id": 59,
      "matrix": [
        [
          1,
          0
        ],
        [
          0,
          119
        ]
      ],
      "order": 32
    },
    {
      "id": 60,
      "matrix": [
        [
          1,
          0
        ],
        [
          0,
          121
        ]
      ],
      "order": 32
    },
    {
      "id": 61,
      "matrix": [
        [
          1,
          0
        ],
        [
          0,
          123
        ]
      ],
      "order": 64
    },
    {
      "id": 62,
      "matrix": [
        [
          1,
          0
        ],
        [
          0,
          125
        ]
      ],
      "order": 64
    },
    {
      "id": 63,
      "matrix": [
        [
          1,
          0
        ],
        [
          0,
          127
        ]
      ],
      "order": 2
    },
    {
      "id": 64,
      "matrix": [
        [
          1,
          0
        ],
        [
          0,
          129
        ]
      ],
      "order": 2
    },
    {
      "id": 65,
      "matrix": [
        [
          1,
          0
        ],
        [
          0,
          131
        ]
      ],
      "order": 64
    },
    {
      "id": 66,
      "matrix": [
        [
          1,
          0
        ],
        [
          0,
          133
        ]
      ],
      "order": 64
    },
    {
      "id": 67,
      "matrix": [
        [
          1,
          0
        ],
        [
          0,
          135
        ]
      ],
      "order": 32
    },
    {
      "id": 68,
      "matrix": [
        [
          1,
          0
        ],
        [
          0,
          137
        ]
      ],
      "order": 32
    },
    {
      "id": 69,
      "matrix": [
        [
          1,
          0
        ],
        [
          0,
          139
        ]
      ],
      "order": 64
    },
    {
      "id": 70,
      "matrix": [
        [
          1,
          0
        ],
        [
          0,
          141
        ]
      ],
      "order": 64
    },
    {
      "id": 71,
      "matrix": [
        [
          1,
          0
        ],
        [
          0,
          143
        ]
      ],
      "order": 16
    },
    {
      "id": 72,
      "matrix": [
        [
          1,
          0
        ],
        [
          0,
          145
        ]
      ],
      "order": 16
    },
    {
      "id": 73,
      "matrix": [
        [
          1,
          0
        ],
        [
          0,
          147
        ]
      ],
      "order": 64
    },
    {
      "id": 74,
      "matrix": [
        [
          1,
          0
        ],
        [
          0,
          149
        ]
      ],
      "order": 64
    },
    {
      "id": 75,
      "matrix": [
        [
          1,
          0
        ],
        [
          0,
          151
        ]
      ],
      "order": 32
    },
    {
      "id": 76,
      "matrix": [
        [
          1,
          0
        ],
        [
          0,
          153
        ]
      ],
      "order": 32
    },
    {
      "id": 77,
      "matrix": [
        [
          1,
          0
        ],
        [
          0,
          155
        ]
      ],
      "order": 64
    },
    {
      "id": 78,
      "matrix": [
        [
          1,
          0
        ],
        [
          0,
          157
        ]
      ],
      "order": 64
    },
    {
      "id": 79,
      "matrix": [
        [
          1,
          0
        ],
        [
          0,
          159
        ]
      ],
      "order": 8
    },
    {
      "id": 80,
      "matrix": [
        [
          1,
          0
        ],
        [
          0,
          161
        ]
      ],
      "order": 8
    },
    {
      "id": 81,
      "matrix": [
        [
          1,
          0
        ],
        [
          0,
          163
        ]
      ],
      "order": 64
    },
    {
      "id": 82,
      "matrix": [
        [
          1,
          0
        ],
        [
          0,
          165
        ]
      ],
      "order": 64
    },
    {
      "id": 83,
      "matrix": [
        [
          1,
          0
        ],
        [
          0,
          167
        ]
      ],
      "order": 32
    },
    {
      "id": 84,
      "matrix": [
        [
          1,
          0
        ],
        [
          0,
          169
        ]
      ],
      "order": 32
    },
    {
      "id": 85,
      "matrix": [
        [
          1,
          0
        ],
        [
          0,
          171
        ]
      ],
      "order": 64
    },
    {
      "id": 86,
      "matrix": [
        [
          1,
          0
        ],
        [
          0,
          173
        ]
      ],
      "order": 64
    },
    {
      "id": 87,
      "matrix": [
        [
          1,
          0
        ],
        [
          0,
          175
        ]
      ],
      "order": 16
    },
    {
      "id": 88,
      "matrix": [
        [
          1,
          0
        ],
        [
          0,
          177
        ]
      ],
      "order": 16
    },
    {
      "id": 89,
      "matrix": [
        [
          1,
          0
        ],
        [
          0,
          179
        ]
      ],
      "order": 64
    },
    {
      "id": 90,
      "matrix": [
        [
          1,
          0
        ],
        [
          0,
          181
        ]
      ],
      "order": 64
    },
    {
      "id": 91,
      "matrix": [
        [
          1,
          0
        ],
        [
          0,
          183
        ]
      ],
      "order": 32
    },
    {
      "id": 92,
      "matrix": [
        [
          1,
          0
        ],
        [
          0,
          185
        ]
      ],
      "order": 32
    },
    {
      "id": 93,
      "matrix": [
        [
          1,
          0
        ],
        [
          0,
          187
        ]
      ],
      "order": 64
    },
    {
      "id": 94,
      "matrix": [
        [
          1,
          0
        ],
        [
          0,
          189
        ]
      ],
      "order": 64
    },
    {
      "id": 95,
      "matrix": [
        [
          1,
          0
        ],
        [
          0,
          191
        ]
      ],
      "order": 4
    },
    {
      "id": 96,
      "matrix": [
        [
          1,
          0
        ],
        [
          0,
          193
        ]
      ],
      "order": 4
    },
    {
      "id": 97,
      "matrix": [
        [
          1,
          0
        ],
        [
          0,
          195
        ]
      ],
      "order": 64
    },
    {
      "id": 98,
      "matrix": [
        [
          1,
          0
        ],
        [
          0,
          197
        ]
      ],
      "order": 64
    },
    {
      "id": 99,
      "matrix": [
        [
          1,
          0
        ],
        [
          0,
          199
        ]
      ],
      "order": 32
    }
  ],
  "lookup": {
    "description": "Use key \"a,d\" to find automorphism ID",
    "sample": [
      [
        "1,1",
        0
      ],
      [
        "1,3",
        1
      ],
      [
        "1,5",
        2
      ],
      [
        "1,7",
        3
      ],
      [
        "1,9",
        4
      ],
      [
        "1,11",
        5
      ],
      [
        "1,13",
        6
      ],
      [
        "1,15",
        7
      ],
      [
        "1,17",
        8
      ],
      [
        "1,19",
        9
      ]
    ]
  }
}