{
  "metadata": {
    "title": "Parallel Algorithms Using 2048-fold Symmetry",
    "group": "ℤ/48ℤ × ℤ/256ℤ",
    "automorphismCount": 2048,
    "timestamp": "2025-06-30T06:45:29.733Z"
  },
  "algorithms": {
    "orbitSearch": {
      "description": "Parallel search using orbit decomposition",
      "speedup": "~32x",
      "scalability": "Near-linear with processor count"
    },
    "resonanceComputation": {
      "description": "Parallel resonance spectrum calculation",
      "reductionFactor": 0.87890625,
      "uniqueResonances": 31
    },
    "matrixOperations": {
      "description": "Symmetry-aware matrix computations",
      "speedup": "~8x",
      "memoryReduction": "60-80%"
    },
    "conservationVerification": {
      "description": "Distributed conservation law checking",
      "parallelEfficiency": "95-99%"
    },
    "orbitEnumeration": {
      "description": "Parallel orbit structure analysis",
      "orbitsFound": 18,
      "processorUtilization": "70-80%"
    },
    "fixedPointFinding": {
      "description": "Distributed fixed point detection",
      "totalAnalyzed": 32,
      "speedup": "~8x"
    }
  },
  "performance": {
    "theoreticalSpeedup": 2048,
    "practicalSpeedup": "8-64x depending on algorithm",
    "bottlenecks": [
      "Orbit size imbalance",
      "Communication overhead",
      "Memory bandwidth"
    ],
    "optimizations": [
      "Hierarchical decomposition",
      "Adaptive load balancing",
      "Compressed representation"
    ]
  },
  "applications": [
    "Large-scale resonance analysis",
    "Distributed cryptographic computations",
    "Parallel error correction decoding",
    "Symmetry-based data compression",
    "High-performance group computations"
  ]
}