{
  "orbits": [
    {
      "representative": 1,
      "size": 384,
      "elements": [
        1,
        3,
        5,
        7,
        9,
        11,
        13,
        15,
        17,
        19,
        21,
        23,
        25,
        27,
        29,
        31,
        33,
        35,
        37,
        39,
        41,
        43,
        45,
        47,
        49,
        51,
        53,
        55,
        57,
        59,
        61,
        63,
        65,
        67,
        69,
        71,
        73,
        75,
        77,
        79,
        81,
        83,
        85,
        87,
        89,
        91,
        93,
        95,
        97,
        99,
        "..."
      ]
    },
    {
      "representative": 2,
      "size": 192,
      "elements": [
        2,
        6,
        10,
        14,
        18,
        22,
        26,
        30,
        34,
        38,
        42,
        46,
        50,
        54,
        58,
        62,
        66,
        70,
        74,
        78,
        82,
        86,
        90,
        94,
        98,
        102,
        106,
        110,
        114,
        118,
        122,
        126,
        130,
        134,
        138,
        142,
        146,
        150,
        154,
        158,
        162,
        166,
        170,
        174,
        178,
        182,
        186,
        190,
        194,
        198,
        "..."
      ]
    },
    {
      "representative": 4,
      "size": 96,
      "elements": [
        4,
        12,
        20,
        28,
        36,
        44,
        52,
        60,
        68,
        76,
        84,
        92,
        100,
        108,
        116,
        124,
        132,
        140,
        148,
        156,
        164,
        172,
        180,
        188,
        196,
        204,
        212,
        220,
        228,
        236,
        244,
        252,
        260,
        268,
        276,
        284,
        292,
        300,
        308,
        316,
        324,
        332,
        340,
        348,
        356,
        364,
        372,
        380,
        388,
        396,
        "..."
      ]
    },
    {
      "representative": 8,
      "size": 48,
      "elements": [
        8,
        24,
        40,
        56,
        72,
        88,
        104,
        120,
        136,
        152,
        168,
        184,
        200,
        216,
        232,
        248,
        264,
        280,
        296,
        312,
        328,
        344,
        360,
        376,
        392,
        408,
        424,
        440,
        456,
        472,
        488,
        504,
        520,
        536,
        552,
        568,
        584,
        600,
        616,
        632,
        648,
        664,
        680,
        696,
        712,
        728,
        744,
        760
      ]
    },
    {
      "representative": 272,
      "size": 16,
      "elements": [
        272,
        304,
        336,
        368,
        400,
        432,
        464,
        496,
        528,
        560,
        592,
        624,
        656,
        688,
        720,
        752
      ]
    },
    {
      "representative": 16,
      "size": 8,
      "elements": [
        16,
        48,
        80,
        112,
        144,
        176,
        208,
        240
      ]
    },
    {
      "representative": 288,
      "size": 8,
      "elements": [
        288,
        352,
        416,
        480,
        544,
        608,
        672,
        736
      ]
    },
    {
      "representative": 32,
      "size": 4,
      "elements": [
        32,
        96,
        160,
        224
      ]
    },
    {
      "representative": 320,
      "size": 4,
      "elements": [
        320,
        448,
        576,
        704
      ]
    },
    {
      "representative": 64,
      "size": 2,
      "elements": [
        64,
        192
      ]
    },
    {
      "representative": 256,
      "size": 2,
      "elements": [
        256,
        512
      ]
    },
    {
      "representative": 384,
      "size": 2,
      "elements": [
        384,
        640
      ]
    },
    {
      "representative": 0,
      "size": 1,
      "elements": [
        0
      ]
    },
    {
      "representative": 128,
      "size": 1,
      "elements": [
        128
      ]
    }
  ]
}