{
  "metadata": {
    "title": "Full Orbit Structure Verification",
    "timestamp": "2025-06-30T07:25:58.061Z",
    "automorphismCount": 2048,
    "cycleSize": 768
  },
  "orbitStructure": {
    "totalOrbits": 14,
    "expectedOrbits": 513,
    "verified": false,
    "averageOrbitSize": 54.857142857142854,
    "expectedAverageSize": 1.4970760233918128
  },
  "sizeDistribution": {
    "1": 2,
    "2": 3,
    "4": 2,
    "8": 2,
    "16": 1,
    "48": 1,
    "96": 1,
    "192": 1,
    "384": 1
  },
  "specialOrbits": {
    "fixedPoints": 2,
    "largestOrbitSize": 384,
    "kleinContainingOrbits": 5
  },
  "kleinAnalysis": {
    "totalKleinPositions": 12,
    "positions": [
      0,
      1,
      48,
      49,
      256,
      257,
      304,
      305,
      512,
      513,
      560,
      561
    ]
  },
  "verification": {
    "theoreticalMatch": false,
    "coverageComplete": true,
    "averageSizeMatch": false
  },
  "sampleOrbits": [
    {
      "representative": 1,
      "size": 384,
      "firstElements": [
        1,
        3,
        5,
        7,
        9,
        11,
        13,
        15,
        17,
        19
      ]
    },
    {
      "representative": 2,
      "size": 192,
      "firstElements": [
        2,
        6,
        10,
        14,
        18,
        22,
        26,
        30,
        34,
        38
      ]
    },
    {
      "representative": 4,
      "size": 96,
      "firstElements": [
        4,
        12,
        20,
        28,
        36,
        44,
        52,
        60,
        68,
        76
      ]
    },
    {
      "representative": 8,
      "size": 48,
      "firstElements": [
        8,
        24,
        40,
        56,
        72,
        88,
        104,
        120,
        136,
        152
      ]
    },
    {
      "representative": 272,
      "size": 16,
      "firstElements": [
        272,
        304,
        336,
        368,
        400,
        432,
        464,
        496,
        528,
        560
      ]
    },
    {
      "representative": 16,
      "size": 8,
      "firstElements": [
        16,
        48,
        80,
        112,
        144,
        176,
        208,
        240
      ]
    },
    {
      "representative": 288,
      "size": 8,
      "firstElements": [
        288,
        352,
        416,
        480,
        544,
        608,
        672,
        736
      ]
    },
    {
      "representative": 32,
      "size": 4,
      "firstElements": [
        32,
        96,
        160,
        224
      ]
    },
    {
      "representative": 320,
      "size": 4,
      "firstElements": [
        320,
        448,
        576,
        704
      ]
    },
    {
      "representative": 64,
      "size": 2,
      "firstElements": [
        64,
        192
      ]
    }
  ]
}